Barcode;Name;Einheit
2000000301051;2-Propanol (Isopropanol) 10 Liter;L
2800569000002;"2. Wahl Mix-Kiste ""L""";Einheit(en)
2800568000003;"2. Wahl Mix-Kiste ""M""";Einheit(en)
2800567000004;"2. Wahl Mix-Kiste ""S""";Einheit(en)
4015533004674;7 Zwerge  Unser Original;Stück (0,2 l)
4002724000775;ALSAN-BIO Margarine;Stück (250 g)
2000000309637;Abdecktuch;Einheit(en)
4260461135260;Acerola Vitamin C;Stück (70,6 g)
2000000303475;Acerolapulver;kg
4006040201915;Agar Agar Pulver;Stück (60 g)
4255582815863;Agavendicksaft;Stück (500 ml)
2000000300009;Agavendicksaft;kg
4260039074618;Agavendicksaft;Stück (700 g)
4260039070313;Agavendicksaft;Stück (340 g)
4250085778486;Ahornsirup Grad C;Stück (250 ml)
9004145001060;Alfalfa Keimsaat;Stück (120 g)
4260677582483;All In One One A Day;Stück (53,4 g)
2000000303147;Alle Eissorten;Stück (500 ml)
2800718000006;Aloe Vera;kg
2800279000002;Aloe Vera;Einheit(en)
4260039073932;Amarantgranola mit Mandeln - Gute Laune;Stück (250 g)
2800979000005;Amaranth;kg
4019339190104;Amaranth 500 g;Stück (500 g)
2800915000007;Amaranth gepufft;kg
2800597000005;Ananas;Einheit(en)
2800664000006;Ananas;kg
2800573000005;Ananas Angebot;Stück (2,8 kg)
4009309762615;Ananas Stücke;Stück (370 ml)
2800966000001;Ananas getrocknet;kg
4260039070122;Ananas, getrocknet;Stück (150 g)
2800665000005;Ananas, groß;Einheit(en)
2800397000007;Ananas, klein;Einheit(en)
4033963171025;Ananas-Mango-Kokos Konfekt;Stück (200 g)
2000000302041;Ananaseis;kg
4015533063800;Ananassaft;Stück (500 ml)
4015533100093;Ananassaft;Stück (700 ml)
2800651000002;Ananassaft, frisch gepresst;Stück (250 ml)
4250085758310;Ananasstücke in Ananassaft;Stück (370 ml)
4260039070399;Ananasstücke, gefroren;Stück (200 g)
2000000303055;Anis gemahlen;kg
4012346156408;Anis, ganz;Stück (50 g)
4015533004490;Apfel Direktsaft;Stück (200 ml)
4015533023064;Apfel Granatapfel;Stück (700 ml)
4260641118724;Apfel Johannisbeere Schorle;Stück (330 ml)
4260641119028;Apfel Kirsche Schorle;Stück (330 ml)
4015533011771;Apfel Mango;Stück (700 ml)
4260641118229;Apfel Minze Schorle;Stück (330 ml)
4260641118625;Apfel Rhabarber Schorle;Stück (330 ml)
2800493000000;Apfel, Angebot;kg
2800436000005;Apfel, Berlepsch;kg
2800490000003;Apfel, Bloss;kg
2800417000000;Apfel, Bolero;kg
2800639000000;Apfel, Boskoop;kg
2800489000007;Apfel, Boskoop;kg
2800498000005;Apfel, Boskoop, 2. Wahl;kg
2800625000007;Apfel, Cox Orange;kg
2800491000002;Apfel, Delbar;kg
2800492000001;Apfel, Elstar;kg
2800496000007;Apfel, Freya;kg
2800442000006;Apfel, Gala;kg
2800303000008;Apfel, Galahad;kg
2800301000000;Apfel, Natyra;kg
2800647000009;Apfel, Rh. Winterrambur;kg
2800171000001;Apfel, Topaz;kg
2000000301570;Apfel-Ingwer Saft;Stück (330 ml)
2000000301587;Apfel-Ingwer Saft;Stück (950 ml)
2000000401157;Apfelchips;Stück (90 g)
4019736014348;Apfelmark;Stück (360 g)
4250085788027;Apfelmark;Stück (360 g)
4053656016655;Apfelmark;Stück (360 g)
4260039073765;Apfelmus;Stück (400 g)
2000000302652;Apfelsaft 5l;Stück (5 l)
2000000303383;Apfelsaft Nachtwey;Stück (0,95 l)
2000000303253;Apfelsaft Nachtwey;Stück (5 l)
4260641118120;Apfelschorle, trüb;Stück (330 ml)
2800668000002;Apfeltüte;Einheit(en)
2800975000009;Apfelwürfel getrocknet;kg
2800612000003;Aprikosen;kg
2800316000002;Aprikosen;kg
2800957000003;Aprikosen, getrocknet;kg
2000000300603;Aprikosenkernmehl;kg
2000000301471;Aprikosenkernmehl;Stück (500 g)
5998008700655;Aprikosenmus;Stück (210 g)
2800394000000;Aprikosenschale, 500 g;Stück (500 g)
7611916160776;Aroma Shower Relax;Stück (200 ml)
2000000300665;Aroma Vanille Bourbon natürlich flüssig;kg
2800287000001;Artischocken;kg
2800188000001;Asia Salat;kg
;Asparagi;Einheit(en)
4019736008811;Aubergine Streich;Stück (180 g)
2800102000001;Auberginen;kg
2800255000002;Auberginen;kg
2800143000008;Austernpilze;kg
2800405000005;Avocado - Angebot -;kg
2800519000007;Avocado Bacon;kg
2800486000000;Avocado Fuerte;kg
2800165000000;Avocado Ghanaian;kg
2800450000005;Avocado Hass;kg
2800469000003;Avocadokiste Fuerte;Einheit(en)
2000000303420;Backferment;kg
2000000300993;Baguette;Stück (450 g)
2800451000004;Bananen;kg
2800515000001;Bananen;kg
2800553000001;Bananen 2. Wahl;kg
4260039070146;Bananen, getrocknet;Stück (200 g)
2800976000008;Bananen, getrocknet;kg
2800432000009;Basilikum;Einheit(en)
2800522000001;Basilikum;Einheit(en)
4012346154503;Basilikum;Stück (15 g)
4019736008835;Basilikum Streich;Stück (180 g)
4260039072218;Basilikum gemahlen;Stück (40 g)
2000000302454;Basilikum gemahlen;kg
2000000303017;Basilikum gerebelt;kg
2000000301921;Basilikum-Softeis;kg
2800905000000;Basmatireis;kg
2800698000003;Bataviasalat, grün;Einheit(en)
2800662000008;Bataviasalat, grün;Einheit(en)
2800584000001;Bataviasalat, grün;Einheit(en)
2800699000002;Bataviasalat, rot;Einheit(en)
2800120000007;Bataviasalat, rot;Einheit(en)
2000000302881;Bauernbrot;Stück (900 g)
2000000303284;Bauernbrot mit Sonnenblumenkernen klein;Stück (450 g)
4026584103438;Beerenmischung;Stück (300 g)
4260100263293;Beerenmischung;Stück (300 g)
2000000301877;Beerenmischung-Softeis;kg
2800930000006;Belugalinsen;kg
4260576712196;Belugalinsen aus Österreich;kg
4009309592618;Berglinsen;Stück (370 ml)
4106060076361;Bio Sauerkirsche Direktsaft naturtrüb;Stück (200 ml)
4015533014963;BioZisch Bitter Lemon;Stück (0,33 l)
4015533020810;BioZisch Blutorange;Stück (0,33 l)
4015533014970;BioZisch Himbeer Cassis;Stück (0.33 l)
4015533014956;BioZisch Natur Orange;Stück (0.33 l)
4015533023231;BioZisch Rosenblüte;Stück (0,33 l)
4015533025297;BioZisch Zitrone naturtrüb;Stück (0,33 l)
2800312000006;Birne Conference, gelegt;kg
2800412000005;Birne, Cepuna;kg
2800345000004;Birne, Conference, 2. Wahl;kg
2800332000000;Birne, Gellerts Butterbirne;kg
2800635000004;Birne, Talgar Beauty;kg
2800326000009;Birne, Vereins Dechant;kg
2800375000005;Birne, Xenia;kg
4006040034247;Birnen-Apfel-Kraut;Stück (300 g)
2000000303185;Birnensaft;Stück (0,95 l)
4015533000768;Birnensaft, klar;Stück (700 ml)
2000000300054;Bizerba Thermo Etiketten 58x43/40, weiß, permanent;Einheit(en)
4260651480057;Black Bean Spaghetti;Stück (250 g)
2800388000009;Black Pearl Pilze;kg
2800531000009;Blattchicorée;Einheit(en)
4026813020079;Blattspinat;Stück (450 g)
2800953000007;Blaumohn;kg
2000000301310;Block-Bodenbeutel braun 105 + 65 x 290 mm für L2GP & L2GU;Einheit(en)
2800104000009;Blumenkohl;kg
2800610000005;Blumenkohl;Einheit(en)
2800282000006;Blumenkohl;Einheit(en)
2800438000003;Blumenkohl (unbehandelt);Einheit(en)
2800439000002;Blumenkohl 2. Wahl;Einheit(en)
2800611000004;Blumenkohl, groß;Einheit(en)
2800525000008;Blumenkohl, grün;Einheit(en)
2800325000000;Blutorangen;kg
2800526000007;Blütenmix;Einheit(en)
2000000301303;Bodenbeutel 1 kg braun 17 x 26 cm für L2GP & L2GU;Einheit(en)
2000000301273;Bodenbeutel braun 1,5kg;Einheit(en)
2000000303604;Bodenbeutel braun 2,5kg;Einheit(en)
2000000303628;Bodenbeutel weiß 0,5 kg;Einheit(en)
2000000303635;Bodenbeutel weiß 1,5 kg;Einheit(en)
2800719000005;Bohnen;kg
2800527000006;Bohnenkraut;Einheit(en)
4012346154602;Bohnenkraut;Stück (25 g)
4012346100807;Bourbon Vanille, gemahlen;Stück (5 g)
4005394115664;Bourbon-Vanille, gemahlen;Stück (15 g)
4012359144003;Bratfilets Japanische Art;Stück (160 g)
2800931000005;Braune Tellerlinsen;kg
2800918000004;Braunhirse;kg
4000430006647;Braunhirse, ganze Körner, glutenfrei;Stück (500 g)
4026813020024;Brechbohnen;Stück (450 g)
2000000301693;Brezelsalz/Hagelsalz;kg
2800106000007;Brokkoli;kg
2800105000008;Brokkoli;kg
2800609000009;Brokkolikorb, mind.  900 g;Einheit(en)
2800530000000;Brokkolischale, 400 g;Einheit(en)
4260039070221;Brombeeren im eigenen Saft;Stück (380 g)
2800714000000;Brombeeren, 125 g Schale;Stück (125 g)
2000000301037;Brot vom Vortag;Stück (500 g)
2000000300634;Brotkorb, groß;Einheit(en)
2000000300641;Brotkorb, klein;Einheit(en)
4019736008842;Brotzeit Streich;Stück (180 g)
2000000301785;Brownie, glutenfrei;Einheit(en)
2000000302157;Bruschetta;Einheit(en)
2000000301181;Brötchen vom Vortag;Einheit(en)
2800910000002;Buchweizen;kg
2000000300986;Buchweizen-Brötchen;Stück (75 g)
4260039074434;Buchweizenflakes;Stück (350 g)
2000000303291;Buchweizenflakes;kg
8594043010253;Buchweizenflips mit Knoblauch;Stück (50 g)
8594043010246;Buchweizenflips mit Salz;Stück (50 g)
8594043010505;Buchweizennudeln;Stück (250 g)
2800160000005;Bundmöhren;Einheit(en)
2800250000007;Bundmöhren;Einheit(en)
2800940000003;Bunte Riesenbohnen;kg
4026813020062;Bunter Gemüsemix;Stück (450 g)
2000000302294;Burger Gartenfrisch;Einheit(en)
2000000302393;Burger Menü;Einheit(en)
2000000302256;Burger Sprossy;Einheit(en)
4026584131806;Burger Süßkartoffel;Stück (160 g)
2000000300320;Burgerbrötchen;Stück (80 g)
2000000302706;Burrito;Einheit(en)
2800261000003;Buschbohnen;kg
2800244000006;Buschbohnen;kg
2800670000007;Buschbohnen TK;Einheit(en)
2800669000001;Buschbohnen Tüte;Einheit(en)
2800623000009;Buschbohnen, selbst geerntet;kg
2800126000001;Bärlauch;Einheit(en)
4012359144102;Bärlauch Bratfilets;Stück (160 g)
4019736008828;Bärlauch Streich;Stück (180 g)
4001638523158;CALENDULA Gesichtscreme;Stück (50 ml)
4001638523127;CALENDULA Waschlotion & Shampoo;Stück (200 ml)
4001638523165;CALENDULA Wundschutzcreme;Stück (75 ml)
4021074802075;Café Pino Lupinenkaffee;Stück (500 g)
4001638098946;Calendula-Pflanzenseife;Stück (100 g)
4001638098014;Calendula-Zahncreme;Stück (75 ml)
2000000304366;Caps 43mm weiß;Einheit(en)
4260039072713;Carella;Stück (180 g)
2000000301938;Carob-Choco-Softeis;kg
4260039074342;Carob-Haselnuss-Eis;Stück (500 ml)
2000000302058;Carob-Haselnuss-Eis;kg
4260039070580;Carob-Kuvertüre;Stück (125 g)
2000000310763;Carobkuvertüre-Grundmasse;kg
4260039074038;Carobpulver;Stück (220 g)
2000000300016;Carobpulver;kg
4260039070115;Carobriegel mit Kokos;Einheit(en)
4260039072812;Carobstreusel;Stück (100 g)
2000000300658;Carobtafel Haselnuss - Grundmasse;Stück (100 g)
4260039070061;Carobtafel mit Haselnuss;Stück (100 g)
4260039071860;Cashewnussmus;Stück (180 g)
4260039071884;Cashewnussmus;kg
4260039070009;Cashewnussmus;Stück (400 g)
2800921000008;Cashewnüsse;kg
2800703000004;Champignon, 2.Wahl;kg
2800144000007;Champignons, braun;kg
2800435000006;Cherimoya (Angebot);kg
2800284000004;Cherrytomaten;kg
2800169000006;Cherrytomaten;kg
4260039073130;Cherrytomaten in Soße;Stück (650 ml)
2800617000008;Cherrytomaten, 2,5 kg Korb;Stück (2,5 kg)
2800203000009;Cherrytomaten, 500 g Schale;Stück (500 g)
2800175000007;Cherrytomaten, 500 g Schale;Stück (500 g)
2800376000004;Cherrytomaten, 7 kg Kiste;Stück (7 kg)
2800195000001;Cherrytomaten, Strauch;kg
2800168000007;Cherrytomaten, verschiedene Farben;kg
2800948000005;Chiasamen;kg
2800108000005;Chicorée;kg
2800671000006;Chinakohl;Einheit(en)
2800152000006;Chinakohl;kg
2800232000001;Chinakohl;kg
2800592000000;Chinakohl;Einheit(en)
4033963172329;Chufas-Orange Konfekt;Stück (200 g)
4024297017578;Classico Tomatensauce;Stück (330 ml)
2800449000009;Clementinen;kg
2000000302386;Cocktail;Einheit(en)
2800208000004;Cocktailtomate;kg
2800618000007;Cocktailtomaten, 2,5 kg Korb;Stück (2,5 kg)
2800384000003;Cocktailtomaten, 500 g Schale;Stück (500 g)
2800378000002;Cocktailtomaten, 7 kg Kiste;Stück (7 kg)
4019886015097;Color Waschmittel Lavendel;Stück (1.5 l)
4019886015264;Color Waschmittel Limette 5L;Stück (5 l)
4021234402336;Cornflakes;Stück (375 g)
2800961000006;Cranberries getrocknet mit Apfeldicksaft;kg
2800920000009;Cranberries mit Ananasdicksaft gesüßt;kg
4038375024600;CreSoy Cuisine Sojazubereitung;Stück (200 ml)
2000000303116;Cumin;kg
9004145008762;Curry, süß;Stück (50 g)
2000000309965;Cystus Pastillen;Stück (64 g)
4255582800029;Dattel Cashew Creme;Stück (500 g)
4260335839355;Dattel Haselnuss Creme;Stück (500 g)
4260654783421;Dattel Haselnuss Creme;Stück (330 g)
7290108421859;Datteln Medjoul;Stück (1 kg)
4053656018307;Datteln Medjoul;Stück (1 kg)
2000000301655;Datteln Medjoul;Stück (200 g)
7290017999869;Datteln Medjoul XL;Stück (500 g)
2800480000006;Datteln Medjoul large;Stück (1 kg)
2000000303048;Datteln Super Fresh;kg
2800964000003;Datteln ohne Stein getrocknet;kg
4006040126423;Datteln ohne Stein getrocknet;Stück (5 kg)
4006040008293;Datteln ohne Stein getrocknet 1 kg Packung;kg
2000000302218;Dattelpulver, Dattelsüße;kg
2000000306414;Dattelsirup;kg
4038507012345;Dattelsirup;Stück (250 g)
4006040301158;Dattelsüße;Stück (250 g)
4038507011652;Dattelzucker;Stück (400 g)
2000000302645;Dauner 12x0,75l;Stück (750 ml)
4005163011500;Dauner Mineralquelle;Stück (750 ml)
2800942000001;Delikatesslinsen aus Deutschland;kg
2000000301549;Deutsche Haselnüsse, 200 g;Stück (200 g)
2800209000003;Dill;Einheit(en)
2800391000003;Dill;Einheit(en)
2000000301495;Dillspitzen;Stück (1 kg)
4012346154701;Dillspitzen;Stück (15 g)
2800990000008;Dinkel;kg
4038375025140;Dinkel Mandel Drink;L
4260360270888;Dinkel Toastbrot;Stück (400 g)
2800902000003;Dinkel keimfähig;kg
2000000301334;Dinkel, Biolandhof Schürdt;kg
4260039074878;Dinkel-Vollkorn-Mehl;kg
2000000300115;Dinkelbrot;Stück (900 g)
2000000302683;Dinkelbrot mit Saaten (nur im Teig, Kruste ist frei von Saaten);Stück (900 g)
2000000302829;Dinkelbrot mit Saaten, klein;Stück (450 g)
4006040605126;Dinkelflocken;Stück (750 g)
2000000303451;Dinkelkraft;kg
2800983000008;Dinkelvollkorngrieß;kg
4019339300107;Dinkelvollkorngrieß, 500g;Stück (500 g)
2000000301327;Doypack 750 ml  160 x 80 x 270 mm für L2GP und L2GU;Einheit(en)
2800541000006;Drachenfrucht;kg
2000000303246;Dreikornbrot;Stück (900 g)
4019886019569;Dusche & Bad Reiniger;Stück (500 ml)
2000000303239;Duschschaum Pulver zum Nachfüllen;Einheit(en)
;E-Geldbörse 100€ aufladen;Einheit(en)
;E-Geldbörse 10€ aufladen;Einheit(en)
;E-Geldbörse 200€ aufladen;Einheit(en)
;E-Geldbörse 20€ aufladen;Einheit(en)
;E-Geldbörse 50€ aufladen;Einheit(en)
4260284210168;ECHT BIO Baguette Faltenbeutel;Einheit(en)
4260284211462;ECHT BIO Faltenbeutel O&G für Salat;Einheit(en)
4260284210045;ECHT BIO Tiefkühltragetaschen;Einheit(en)
2000000300221;EPS Klappkiste;Einheit(en)
5702008269179;Edamame, grüne Sojabohnen;Stück (300 g)
4001638098274;Edeltannen-Erholungsbad;Stück (200 ml)
2800274000007;Eichblattsalat, grün;Einheit(en)
2800675000002;Eichblattsalat, grün;Einheit(en)
2800580000005;Eichblattsalat, grün - Angebot;Einheit(en)
2800676000001;Eichblattsalat, rot;Einheit(en)
2800273000008;Eichblattsalat, rot;Einheit(en)
4260333119503;Eierkarton, 10er;Einheit(en)
4260333119497;Eierkarton, 6er;Einheit(en)
2000000300924;Eimer, 5,6 l;Einheit(en)
2800903000002;Einkorn;kg
2000000302744;Einmalartikel 19 %;Einheit(en)
2000000302737;Einmalartikel 7%;Einheit(en)
2000000303178;Eisbecher groß;Einheit(en)
2000000303130;Eisbecher klein;Einheit(en)
2000000303659;Eisbecher weiß;Einheit(en)
2800678000009;Eisbergsalat;Einheit(en)
2000000301969;Eiscafé;Einheit(en)
2000000301792;Eiscreme-Becher versch. Sorten;Stück (500 ml)
2000000303666;Eisdeckel weiß;Einheit(en)
4260677581912;Eisen Beeren Gummies;Stück (150 g)
4260461116559;Eisen-Chelat 45mg Eisenbisglycinat + Vitamin C;Stück (65,4 g)
2000000300870;Eiskugel;Einheit(en)
2000000302461;Elisenlebkuchen mit Carobglasur;Einheit(en)
4260039070375;Elisenlebkuchen mit Carobglasur - 5er Pack;Stück (220 g)
2800914000008;Emmer;kg
4006040020684;Emmer Spirelli Vollkorn;Stück (500 g)
2000000300511;Emmerbrot;Stück (400 g)
2800576000002;Endiviensalat;Einheit(en)
2800347000002;Endiviensalat;Einheit(en)
4255582802047;Energy Ball Peanut Butter Jelly;Stück (30 g)
4260654789850;Energy Ball Salted Hazelnut;Stück (30 g)
4260654782882;Energy Ball Salted Peanut;Stück (30 g)
4260654789898;Energy Ball Salted Pistachio;Stück (30 g)
4255582811063;Entsteinte Sauerkirschen im Glas;Stück (700 g)
4026813020031;Erbsen;Stück (450 g)
4026813000194;Erbsen Fingermöhren;Stück (450 g)
2800494000009;Erbsen, frisch;kg
4260718290018;Erbsenflips mit Meersalz;Stück (150 g)
2800504000005;Erbsenschale;Einheit(en)
2000000301952;Erdbeer-Softeis;kg
2000000301808;Erdbeer-Sorbet-Softeis;kg
4260039074328;Erdbeereis;Stück (500 ml)
2000000302089;Erdbeereis;kg
2800356000000;Erdbeeren;kg
4026584103315;Erdbeeren;Stück (300 g)
2800328000007;Erdbeeren;kg
4260100263392;Erdbeeren;Stück (300 g)
2800598000004;Erdbeeren, 1 kg Kiste;Einheit(en)
2800603000005;Erdbeeren, 900 g Kiste;Einheit(en)
2000000302096;Erdbeerpüree, gefroren;kg
2800532000008;Erdbeerschale, 250 g;Stück (250 g)
2800533000007;Erdbeerschale, 500 g;Stück (500 g)
2800534000006;Erdbeerschale, 500 g (Angebot, ältere Ware);Stück (500 g)
2000000302980;Erdbeerstreifen gefriergetrocknet;kg
2800629000003;Erdbeertrauben;kg
3000000301739;Erdbeertörtchen;Einheit(en)
2000000300047;Erdbeerwürfel, gefriergetrocknet;kg
4038507002421;Erdmandel-Creme;Stück (250 g)
4260039072737;Erdnusscreme, natur;Stück (180 g)
8711812928667;Erdnussflips;Stück (125 g)
4006040000518;Erdnussmus Crunchy mit Salz;Stück (250 g)
4006040133681;Erdnüsse geröstet, gesalzen;Stück (200 g)
4006040031215;Erdnüsse in der Schale geröstet;Stück (500 g)
7611916124501;Erfrischungsdusche Citrus;Stück (200 ml)
2000000303857;Etikett D 85;Einheit(en)
2000000310664;Etikett Design 2020;Einheit(en)
2000000301686;"Etiketten leuchtrot rund 32mm; -20% permanent";Einheit(en)
;Event Registration;Einheit(en)
4012359180001;FETO Natur - fermentierter Tofu;Stück (200 g)
2000000301563;"Faltenbeutel ""Salatkopf"" braun 30 + 11 x 32 cm";Einheit(en)
2000000300832;Faltenbeutel (braun), Baguette;Einheit(en)
2000000303505;"Faltenbeutel braun Natron ""Natürlich"" 16+6x28cm";Einheit(en)
2000000300856;"Faltenbeutel braun Natron ""Natürlich"" 20+8x36cm";Einheit(en)
4020713007765;Faltenbeutel mittel 175x310x340mm, Regional;Einheit(en)
2000000300863;Faltenbeutel, (braun), klein;Einheit(en)
2000000300849;Faltenbeutel, (braun), mittel;Einheit(en)
2800453000002;Feigen;kg
2800406000004;Feigen;Stück (100 g)
2800960000007;Feigen getrocknet;kg
2000000301174;Feigen, 200 g;Einheit(en)
2800511000005;Feigenkiste;Stück (2,5 kg)
2800361000002;Feigenschale;Einheit(en)
4015533000379;Feldfrische Rote Bete;Stück (700 ml)
2800124000003;Feldsalat;kg
2800109000004;Feldsalat (0 g - 199 g);kg
2800139000005;Feldsalat (ab 200 g);kg
2800516000000;Feldsalat Gewäch;kg
2800656000000;Feldsalat, 100 g Schale;Stück (100 g)
2800523000000;Feldsalat, 500 g Korb;Stück (500 g)
2000000301419;Feldsalatpflänzchen;Einheit(en)
2800278000003;Fenchel;kg
2800110000000;Fenchel;kg
2800111000009;Fenchel;kg
2800202000000;Fenchel;kg
2000000304205;Fenchel gemahlen;kg
2800512000004;Fenchelschale, 1 kg;Einheit(en)
4030126000116;Fermate mit Kräutern;Stück (180 g)
2800640000006;Filderkraut (Sauerkraut);kg
2000000300917;Flachbeutel 100x210 mm, 80g/qm Kraftpapier weiß gebleicht;Einheit(en)
2000000301457;Flachbeutel, Zweinahtklebung, 60 x 100 + 20 mm Klappe für Riegel;Einheit(en)
2000000301464;Flachbeutel, Zweinahtklebung, 95 x 130 + 20 mm Klappe für Nussecken;Einheit(en)
2000000302522;Flammkuchen Classic;Einheit(en)
2000000302539;Flammkuchen Herbstpromenade;Einheit(en)
2000000302508;Flammkuchen Mediterran;Einheit(en)
2000000302546;Flammkuchen Schoko-Banane;Einheit(en)
2000000302515;Flammkuchen Veggie;Einheit(en)
2000000304342;Flasche 263ml;Einheit(en)
2800174000008;Fleischtomaten;kg
2800172000000;Fleischtomaten;kg
2800619000006;Fleischtomaten, 7 kg Kiste;Stück (7 kg)
2800989000002;Flohsamenschalen gemahlen;kg
2800563000008;Flower Sprouts;kg
2000000302478;Flügelschleifen rot 60mm mit Clip gold 15mm Bandbreite,;Einheit(en)
4019886077361;Flüssigseife Citrus & Olive;Stück (300 ml)
2000000300412;Focaccia, mediterran;Einheit(en)
7611916558283;For Men Energy Fresh 3in1 Shower Gel;Stück (200 ml)
4008391007819;Frucht Hütchen Erdbeere;Stück (85 g)
4008391007840;Frucht Hütchen Johannisbeere;Stück (85 g)
4008391007802;Frucht Hütchen Kirsche;Stück (85 g)
4008391007833;Frucht Hütchen Maracuja;Stück (85 g)
4016249139360;Frucht Pur 75% Amarenakirsche;Stück (250 g)
4016249282806;Frucht Pur 75% Heidelbeere;Stück (250 g)
4016249068233;Frucht-Riegel Blaubeere;Stück (40 g)
4019736008125;FruchtGarten Aprikose;Stück (225 g)
4260039070405;Fruchtaufstrich Ananas;Stück (200 g)
4260039073185;Fruchtaufstrich Aprikose;Stück (180 g)
2000000303482;Fruchtaufstrich Aprikose;kg
4260039073284;Fruchtaufstrich Brombeere;Stück (200 g)
4260039072157;Fruchtaufstrich Erdbeere;Stück (190 g)
4260039073079;Fruchtaufstrich Erdbeere;Stück (190 g)
4260039072362;Fruchtaufstrich Heidelbeere gesüßt;Stück (200 g)
4260039072355;Fruchtaufstrich Heidelbeere ungesüßt;Stück (190 g)
4260039073482;Fruchtaufstrich Himbeere;Stück (200 g)
4260039073512;Fruchtaufstrich Himbeere ungesüßt;Stück (200 g)
4260039073055;Fruchtaufstrich Johanannisbeere;Stück (210 g)
4260039073307;Fruchtaufstrich Sauerkirsche;Stück (180 g)
4260039073314;Fruchtaufstrich Sauerkirsche ungesüßt;Stück (180 g)
2000000302317;Fruchteis;kg
4250073462748;Fruchteis am Stiel;Stück (65 ml)
4260039073048;Fruchtmark Tropic;Stück (190 g)
4260039070368;Fruchtnektar Brombeeren 46%;Stück (300 ml)
4260039070276;Fruchtnektar Brombeeren 85%;Stück (300 ml)
4260039070207;Fruchtnektar Heidelbeeren;Stück (300 ml)
4260039070344;Fruchtnektar Himbeere;Stück (300 ml)
2800164000001;Fruchtsaft Tropic;Einheit(en)
4006040312857;Fruchtschnitte Banane-Apfel;Stück (40 g)
5060229014276;Früchtetee Holunderbeere & Echinacea;Stück (40 g)
5060229014238;Früchtetee Wildapfel & Zimt;Stück (40 g)
2800369000004;Frühbirne,  Carmen;kg
2800715000009;Frühkartoffel fk;kg
2800717000007;Frühkartoffel mk;kg
2800716000008;Frühkartoffel vfk;kg
2000000301983;Funghi;Einheit(en)
2800485000001;Futtermöhren;kg
2000000304328;GDL;kg
2800366000007;Gartentrauben;kg
4006040008958;Gebrannte Erdnuss mit Kokosblütenzucker;Stück (250 g)
4006040006909;Gebrannte Mandel mit Kokosblütenzucker;Stück (250 g)
2000000301662;Gefrierbeutel, Vakuumbeutel 200 x 150 mm PE transparent 20/70 u;Einheit(en)
2000000309767;Gegrillter Paprika;Stück (200 g)
2800112000008;Gelbe Bete;kg
2800233000000;Gelbe Bete;kg
4260039074373;Gemüsebrühe;Stück (750 g)
4260039072584;Gemüsebrühe;Stück (300 g)
2000000300481;Gemüsebrühe, lose;kg
4007547307001;Geschirrspülmittel Lemon;L
4007547307605;Geschirrspülmittel Lemon;Stück (5,0 l)
4007547307308;Geschirrspülmittel Lemon;Stück (300 ml)
4007547307209;Geschirrspülmittel Lemon;Stück (10 l)
2000000302911;Getreide mahlen;Einheit(en)
4024297440130;Getreidekaffee Instant, Dose;Stück (250 g)
4024297440420;Getreidekaffee zum Filtern;Stück (500 g)
4260039070412;Gewürz Spekulatius;Stück (150 g)
2000000300337;Gewürzhörnchen;Stück (100 g)
4026584133305;Glücks-Sterne;Stück (250 g)
4006040056843;Glücksstücke Aprikose & Marzipan natur;Stück (50 g)
2800426000008;Granatapfel;kg
2800543000004;Granatapfel - Angebot -;kg
4001638088459;Granatapfel Intensiv Handcreme;Stück (50 ml)
2800579000009;Granatäpfel Hicaz;Einheit(en)
2800319000009;Grapefruit r. ES;kg
2800360000003;Grapefruit, rot;kg
2800103000000;Grapefruit, weiß;kg
0768737207344;Groebes Traubensaft rot;Stück (700 ml)
0768737207351;Groebes Traubensaft weiß;Stück (700 ml)
5202423201025;Grüne & Kalamata Oliven mit Oregano, entkernt;Stück (175 g)
4260067150964;Grüne Amphissa-Oliven in Lake natur;Stück (320 g)
4019339479100;Grüne Delikatess-Linsen 500g;Stück (500 g)
2800934000002;Grüne Erbsen;kg
2800984000007;Grünkern;kg
4015637004945;Grünkernburger;Stück (160 g)
2800113000007;Grünkohl;kg
2800114000006;Grünkohl;kg
2800264000000;Grünkohl umst.;kg
2800128000009;Grünkohl, ganze Pflanze;Einheit(en)
4026363403469;Guarkernmehl;kg
4026813000439;Hackspinat;Stück (450 g)
4001638095624;Hafer Aufbau-Shampoo;Stück (190 ml)
4038375026116;Hafer Barista;Stück (1 l)
4015533043703;Hafer Barista glutenfrei;Stück (750 ml)
4015533048821;Hafer Cuisine;Stück (330 ml)
4038375024419;Hafer Drink Vanille;L
4015533041525;Hafer Drink glutenfrei;Stück (750 ml)
4260289420555;Hafer Margarine im Block;Stück (250 g)
2800912000000;Hafer entspelzt;kg
2800986000005;Haferflocken Großblatt;kg
2800985000006;Haferflocken Kleinblatt;kg
4260039073970;Haferflocken fein;Stück (3 kg)
2000000302195;Haferflocken fein glutenfrei;kg
2000000309903;Haferflocken glutenfrei;Stück (450 g)
2807119000000;Hafergranola Pekan-Chia - Kraftbündel;Stück (2450 g)
4260039071235;Hafergranola Pekan-Chia - Kraftbündel;Stück (350 g)
4260039071204;Hafergranola mit Beeren - Bärenfreund;Stück (350 g)
2807121000012;Hafergranola mit Beeren - Bärenfreund (2450 g);Stück (2450 g)
4260039071242;Hafergranola mit Kokos und Erdbeeren - Sportsfreund;Stück (350 g)
2000000301204;Halbschlauch, Feinschrumpffolie;Einheit(en)
4016249003531;Halva;Stück (75 g)
2000000308128;"Handschuh ""Clean Hands""";Einheit(en)
4007547302402;Handseife Citrus;Stück (300 ml)
4007547302907;Handseife Lavendel;Stück (10 l)
4007547302808;Handseife Lavendel;Stück (1 l)
4007547302709;Handseife Lavendel;Stück (300 ml)
2000000303222;Handseife Pulver zum Nachfüllen;Einheit(en)
2800951000009;Hanfsamen geschält;kg
3445020001601;Hanföl nativ;Stück (0.25 l)
2800900000005;Hartweizen;kg
4260039071228;Hartweizen-Vollkorn-Mehl;kg
2800431000000;Haselnuss in der Schale;kg
2000000301839;Haselnuss-Carob-Softeis;kg
2000000301945;Haselnuss-Softeis;kg
4260039071877;Haselnusseis;Stück (500 ml)
2000000302102;Haselnusseis;kg
2800996000002;Haselnusskerne aus Deutschland;kg
2000000302577;Haselnusskerne blanchiert geröstet;kg
2000000302584;Haselnusskerne gehackt geröstet;kg
2000000302591;Haselnusskerne gemahlen geröstet;kg
2000000310725;Haselnussmus geröstet;kg
4260039071693;Haselnussmus, natur;Stück (180 g)
2800929000000;Haselnüsse;kg
2800550000004;Haselnüsse mit Schale;kg
4260028360425;Hefe;Stück (42 g)
4260028361521;Hefe;kg
4011437040046;Hefeextrakt;kg
4011437040039;Hefeextrakt;Stück (250 g)
4011437040022;Hefeextrakt;Stück (125 g)
4011437040077;Hefeextrakt-Kräuter;Stück (250 g)
2000000300078;Hefeflocken;kg
4260039075325;Hefeflocken;Stück (150 g)
4260039074120;Hefeflocken;Stück (450 g)
4260039074366;Heidelbeereis;Stück (500 ml)
2000000302270;Heidelbeereis;kg
4026813110220;Heidelbeeren;Stück (300 g)
4260100263286;Heidelbeeren;Stück (300 g)
2800107000006;Heidelbeeren;kg
2800682000002;Heidelbeeren Kiste;Einheit(en)
4260039070573;Heidelbeeren TK;Stück (230 g)
2000000302997;Heidelbeeren gefriergetrocknet;kg
4260039070177;Heidelbeeren im eigenen Saft;Stück (330 g)
2800403000007;Heidelbeeren, 1 kg Kiste;Einheit(en)
2800198000008;Heidelbeeren, 125 g Schale;Stück (125 g)
2800535000005;Heidelbeeren, 200 g;Stück (200 g)
2800420000004;Heidelbeeren, 400 g Kiste;Einheit(en)
4015533046469;Heimischer Multi mit Trauben Kirschen &  Rhabarber;Stück (750 ml)
2000000302492;Heiße Gemüsebrühe;Einheit(en)
2000000302348;Himbeer-Softeis;kg
4260039074380;Himbeereis;Stück (500 ml)
2000000302287;Himbeereis;kg
4026813110206;Himbeeren;Stück (300 g)
4026813024046;Himbeeren;Stück (2500 g)
4026584103308;Himbeeren;Stück (300 g)
2000000305271;Himbeeren gefriergetrocknet ganz;kg
4260039070320;Himbeeren im eigenen Saft;Stück (350 g)
2800199000007;Himbeeren, 125 g;Einheit(en)
2800465000007;Himbeeren, 125 g (Angebot);Einheit(en)
2800628000004;Himbeeren, 250 g;Stück (250 g)
2800904000001;Hirse;kg
2000000300443;Hirse-Goldbrötchen;Stück (75 g)
2801881000008;Hirse-Goldbrötchen;Stück (75 g)
4038375025287;Hirsedrink;L
4016249108519;Hof-Gemüse Carinas Champignon Zwiebel;Stück (135 g)
2800285000003;Hokkaidokürbis;kg
2800517000009;Hokkaidokürbis;kg
2800644000002;Hokkaidokürbis, grün;kg
2000000308135;Holzschliffschale 250g, unbedruckt;Einheit(en)
2000000309811;Holzschliffschale 500g, unbedruckt;Einheit(en)
4260039074649;Honig;kg
2000000302201;Honig;Stück (2,5 kg)
2800385000002;Honig Melone;kg
4260039070252;Honig, Frühjahrs- und Sommertracht;Stück (250 g)
4260039070245;Honig, Frühjahrs- und Sommertracht;Stück (500 g)
4006040090946;Honig-Marzipan;Stück (250 g)
2000000303598;Honigangebot;Stück (2,5 kg)
2800836000001;Honigmarzipan;kg
4260039079996;Honigtest;Einheit(en)
4046815002903;Hornberger 0,33 l medium;Stück (330 ml)
4046815002804;Hornberger 0,33 l naturelle;Stück (330 ml)
4015637825403;Hot Hafer Apfel-Zimt Porridge, glutenfrei;Stück (400 g)
4015637825410;Hot Hafer Beere Porridge, glutenfrei;Stück (400 g)
4007547209206;Händedesinfektion;Stück (1 l)
2000000300252;IFCO Lift-Lock Kiste schwarz;Einheit(en)
2800216000003;Ingwer;kg
2800270000001;Ingwer, frisch;kg
2000000302355;Inverno;Einheit(en)
2000000302072;Joghurt-Softeis;kg
2000000301860;Joghurt-Vanille-Softeis;kg
4260039070337;Johannisbeeren im eigenen Saft;Stück (380 g)
2800186000003;Johannisbeeren, 250 g Schale;Stück (250 g)
2000000300023;Johannisbrotkernmehl;kg
4006040104681;Johannisbrotkernmehl;Stück (65 g)
2800600000008;Jungflänzchen, Kohlrabi;Einheit(en)
4001638588423;Junior-Zahngel mit Fluorid;Stück (50 ml)
2800992000006;Kakaobutter;kg
2800577000001;Kaki Rojo Brilliante;Einheit(en)
2800441000007;Kaki, Persimon;kg
2800648000008;Kaki, Persimon (Reduziert);kg
2800425000009;Kakikiste, Persimon, ca. 4,5 kg;Einheit(en)
5202423200110;Kalamata Oliven al naturale, entkernt;Stück (175 g)
5202423200103;Kalamata Oliven in Lake, entkernt;Stück (280 g)
5202423281836;Kalamata Olivenpaste;Stück (180 g)
2000000304311;Kaliumhydrogencarbonat;kg
2800998000000;Kamut;kg
4009309522714;Kapern;Stück (105 ml)
9004145008953;Kardamom ganz;Stück (40 g)
2800352000004;Kart 5 kg NO USE;Stück (5 kg)
2800239000004;Kartof Corri vfk;kg
2800249000001;Kartoffel;kg
2800277000004;Kartoffel;kg
2800272000009;Kartoffel;kg
2800118000002;Kartoffel (mk);kg
2800117000003;Kartoffel alle Sorten;kg
2800478000001;Kartoffel, festkochend;kg
2800507000002;Kartoffel, mehligkochend;kg
2000000308173;Kartoffel-Tragetasche;Einheit(en)
4015637821276;Kartoffelmehl (Stärke) glutenfrei;Stück (250 g)
2800218000001;Kartoffeln (Belana) fk;kg
2800290000005;Kartoffeln 2. Wahl;kg
2800510000006;Kartoffeln Drillinge;kg
2800229000007;Kartoffeln fk 2kg;Stück (2 kg)
2800194000002;Kartoffeln fk, 12,5 kg;Stück (12,5 kg)
2800237000006;Kartoffeln fk, 5 kg;Stück (5 kg)
2800476000003;Kartoffeln mk, 12,5 kg;Stück (12,5 kg)
2800296000009;Kartoffeln mk, 2 kg;Stück (2 kg)
2800201000001;Kartoffeln mk, 5 kg;Stück (5 kg)
2800280000008;Kartoffeln vfk 2kg;Stück (2 kg)
2800146000005;Kartoffeln vfk, 5 kg;Stück (5 kg)
2800230000003;Kartoffeln, festkochend, 2,5 kg;Stück (2,5 kg)
2800196000000;Kartoffeln, frei;Einheit(en)
2800460000002;Kartoffeln, mehligkochend, 2,5 kg;Stück (2,5 kg)
2800497000006;Kartoffeln, rotschalig;kg
2800116000004;Kartoffeln, vorw. festkochend, 2,5 kg;Stück (2,5 kg)
2800477000002;Kartoffeln, vorwiegend festkochend;kg
2000000300184;Kartoffelstärke;kg
4260039071389;Ketchup;Stück (190 ml)
2800908000007;Khorasan Urweizen;kg
2000000302812;Khorasan-Brötchen;Stück (75 g)
4260039070092;Khorasan-Vollkorn-Mehl;kg
2000000300740;Khorasanbrot;Stück (900 g)
2000000300160;Khorasanbrot mit Leinsamen;Stück (900 g)
2000000302874;Khorasanbrötchen mit Kürbis;Stück (75 g)
2000000303000;Khorasanbrötchen mit Mohn;Stück (75 g)
2000000300306;Khorasanbrötchen mit Sonnenblumenkernen und Sesam;Stück (75 g)
2800935000001;Kichererbsen;kg
8711823194792;Kichererbsen;Stück (360 g)
4260651480033;Kichererbsen-Soja Fettuccine;Stück (250 g)
2000000301068;Kichererbsenmehl;kg
4015637824697;Kichererbsenmehl glutenfrei Bio;Stück (500 g)
4260576712615;Kidneybohnen;kg
2800936000000;Kidneybohnen;kg
4009879021556;Kidneybohnen;Stück (330 g)
4260360271526;Kidneybohnen, 230 g;Stück (350 g)
4001638075114;Kids 2in1 Shower & Shampoo Fruchtige Orange;Stück (150 ml)
4001638081863;Kinder-Zahngel;Stück (50 ml)
2800407000003;Kirschen;kg
2800320000005;Kirschen;kg
2800402000008;Kirschen;kg
2800276000005;Kirschenschale;Stück (500 g)
4015533043123;Kiste Bio Marktplatz blau 19% , voll 6 × 0,7/0,75l;Stück (6x0,7 l)
2800443000005;Kiwi Zespri, grün;kg
2800440000008;Kiwi grün;kg
2800322000003;Kiwi, gold;kg
2800259000008;Knoblauch;kg
4012346159409;Knoblauch;Stück (70 g)
2800212000007;Knoblauch;kg
2000000303093;Knoblauchpulver;kg
2800162000003;Knollensellerie;kg
2800293000002;Knollensellerie;kg
2800342000007;Knollensellerie mit grün;Einheit(en)
4018462253205;Knusperecken Mais-Hülsenfrüchte;Stück (90 g)
2800297000008;Kohlrabi;Einheit(en)
2800257000000;Kohlrabi 2.Wahl;kg
2800377000003;Kohlrabi weiß;Einheit(en)
2800266000008;Kohlrabi, lila;Einheit(en)
2800624000008;Kohlrabi, lila;Einheit(en)
2000000301846;Kokos-Softeis;kg
4038507003527;Kokosblütenzucker;Stück (450 g)
4006040161172;Kokosblütenzucker;Stück (250 g)
2000000302300;Kokoseis;kg
4260039078227;Kokoseis;Stück (500 ml)
4250085758389;Kokosmilch;Stück (400 ml)
4250085758372;Kokosmilch 22% Fett;Stück (200 ml)
2000000304458;Kokosmus;Stück (180 g)
2800659000004;Kokosnüsse, gr. Angebot;Einheit(en)
2800660000000;Kokosnüsse, kl.;Einheit(en)
2800991000007;Kokosraspeln;kg
4260039074397;Kokosraspeln;Stück (350 g)
3445020205283;Kokosöl nativ;Stück (200 ml)
2800683000001;Kopfsalat, grün;Einheit(en)
2800681000003;Kopfsalat, rot;Einheit(en)
2800545000002;Koriander;Einheit(en)
4012346156309;Koriander, gemahlen;Stück (40 g)
2000000303109;Koriander, gemahlen;kg
2000000303086;Kornkraftwerk;Stück (550 g)
4260186270390;Kraut und Rüben - 6 Gemüsesorten;Stück (410 g)
2800701000006;Kresse;Einheit(en)
9004145001077;Kresse Keimsaat;Stück (120 g)
9004145006744;Kräuter à la Provence;Stück (20 g)
4260039074496;Kräutersalz;Stück (130 g)
4022346350003;Kräutersalz mediterran, 2kg;Stück (2 kg)
2800386000001;Kräuterseitlinge;kg
2800590000002;Kräuterseitlinge Angebot;kg
5060519144126;Kräutertee After Dinner;Stück (40 g)
5060229014122;Kräutertee Drei Minze;Stück (32 g)
5060519146168;Kräutertee Joy;Stück (34 g)
5063270102022;Kräutertee Morning Berry;Stück (34 g)
5060229014252;Kräutertee Pfefferminz & Süßholz;Stück (30 g)
5060229014030;Kräutertee Relax;Stück (40 g)
2000000301723;Kuchenstück;Einheit(en)
2800457000008;Kumquats;kg
2800153000005;Kurkuma;kg
2800575000003;Kurkuma frisch;kg
9004145003552;Kurkuma gemahlen;Stück (40 g)
2000000303956;Kümmel ganz;kg
9004145003026;Kümmel, ganz;Stück (60 g)
2800275000006;Kürbis Butternut;kg
2800191000005;Kürbis Spaghetti;kg
2800314000004;Kürbis, Butternut;kg
2800248000002;Kürbis, Hokkaido;kg
2800452000003;Kürbis, Hokkaido;kg
2800315000003;Kürbis, Muskat;kg
2800481000005;Kürbis, Sweet Dumpling;kg
2800952000008;Kürbiskerne;kg
4260039072393;Kürbiskernmehl;Stück (200 g)
2000000308418;Kürbiskernpellet;kg
3445020202909;Kürbiskernöl geröstet;Stück (250 ml)
2000000310015;Kürbissuppe;Stück (400 g)
8004192103107;"LAURETANA ""Das leichteste Wasser Europas""";L
8713576162042;Lakritzschlange;Stück (56 g)
2800281000007;Landgurken;kg
2800263000001;Landgurken;kg
2800595000007;Landgurken 2. Wahl;kg
4250085778639;Landkaffee;Stück (100 g)
2800911000001;Langkornreis Vollkorn;kg
2000000303307;Langkornreis frisch;kg
4006040070504;Lasagne-Platten Vollkorn;Stück (250 g)
2800200000002;Lauchzwiebeln;Einheit(en)
2800529000004;Lauchzwiebeln;Einheit(en)
2800335000007;Lauchzwiebeln, rot;Einheit(en)
2800298000007;Lauchzwiebeln, weiß;Einheit(en)
9004145003774;Laune gut, alles gut, Gewürzblüten;Stück (25 g)
4260303014227;Lauretana 6x1l;Stück (6x1 l)
4260039070085;Lebkuchen glutenfrei mit Carobglasur - 5er Pack;Stück (5 St.)
2000000302928;Lebkuchen mit Carobglasur;Einheit(en)
4260039070078;Lebkuchen mit Carobglasur - 5er Pack;Stück (5 St.)
2000000302430;Lebkuchengewürz;kg
2000000308487;Leinpellets braun;kg
2000000308494;Leinpellets gelb;kg
2800949000004;Leinsamen braun;kg
2000000301365;Leinsamen braun - Ölmühle;kg
2800950000000;Leinsamen gelb;kg
2000000301297;Leinsamen gelb - Ölmühle;kg
2000000310824;Leinsamenmehl, braun;kg
4260039074199;Leinsamenmehl, gelb;Stück (200 g)
2000000310817;Leinsamenmehl, gelb;kg
2000000308425;Leinöl braun;L
4260039072881;Leinöl braun, Rohkost;Stück (100 ml)
4260039072799;Leinöl braun, Rohkost;Stück (250 ml)
4260039072782;Leinöl braun, Rohkost;Stück (500 ml)
2000000308432;Leinöl gelb;L
4260039072805;Leinöl gelb, Rohkost;Stück (500 ml)
4260039072829;Leinöl gelb, Rohkost;Stück (250 ml)
4260039073840;Leinöl gelb, Rohkost;Stück (100 ml)
2800684000000;Liebstock;Einheit(en)
2000000309958;Lieferpauschale 10€;Einheit(en)
2000000301518;Lieferpauschale 15€;Einheit(en)
2000000301525;Lieferpauschale 20€;Einheit(en)
2000000301532;Lieferpauschale 30€;Einheit(en)
2000000301600;Lieferpauschale frei;Einheit(en)
2800323000002;Limetten;kg
2800488000008;Limonenseitlinge;kg
4260576712707;Linsen grün marmoriert aus Deutschland;kg
4006040029441;Linsen-Bolognese;Stück (325 ml)
2000000309842;Linseneintopf;Stück (400 g)
2000000300467;Linsenkeim-Burger;Einheit(en)
5021991939648;Little Dreamer  Tee;Stück (30 g)
2000000306964;Lohnleistung mit;Einheit(en)
2000000302799;Lohnleistung mit;Einheit(en)
2000000302782;Lohnleistung mit;km
2000000303123;Lorbeerblätter;kg
4012346156101;Lorbeerblätter;Stück (5 g)
2000000303352;Lunchpaket Feldtag 2025;Einheit(en)
4019736017820;LupiLove Protein Tomate;Stück (135 g)
2800939000007;Lupinen;kg
4010238792000;Lupinen Filet;Stück (200 g)
4024297016137;Lupinenkaffee, instant;Stück (100 g)
4006040659341;Lupinenschrot;Stück (250 g)
;Löschen;Stück (280 g)
4260039075332;Macadamia-Sahne-Eis;Stück (500 ml)
2000000310831;Macadamia-Sahne-Eis;kg
2000000302119;Macadamia-Softeis;kg
2000000301396;Macadamiaeis;kg
2800927000002;Macadamianüsse;kg
2000000301402;Macadamianüsse, Hälften;kg
4069484002920;Magnesiumglycinat;Stück (104,2 g)
2800355000001;Mairüben;kg
2800271000000;Mairüben;Einheit(en)
2800916000006;Mais;kg
2000000303338;Mais-Grundansatz;kg
2800421000003;Maitake Pilz;kg
4012346153100;Majoran;Stück (12,5 g)
2000000303079;Majoran;Stück (500 g)
2800585000000;Mandarinen;kg
2800324000001;Mandarinen;kg
2800495000008;Mandarinenkiste 10 kg;Stück (10 kg)
2800649000007;Mandarinenkiste 5 kg;Stück (5 kg)
2800382000005;Mandarinentüte, 2 kg;Stück (2 kg)
4001638086004;Mandel Sensitiv Gesichtscreme;Stück (30 ml)
4260039074403;Mandel-Vanille-Eis;Stück (500 ml)
2000000302331;Mandel-Vanille-Eis;kg
2000000301815;Mandel-Vanille-Softeis;kg
2800923000006;Mandelblättchen;kg
2000000301167;Mandelkekse;Einheit(en)
4260039070306;Mandelkekse;Stück (120 g)
2000000310732;Mandelmus geröst;kg
4260039075127;Mandelmus, natur;Stück (400 g)
4260039075134;Mandelmus, natur;Stück (180 g)
4260039075165;Mandelmus, weiß;kg
4260039075158;Mandelmus, weiß;Stück (180 g)
4260039075141;Mandelmus, weiß;Stück (400 g)
2000000301433;Mandeln weiß Hälften;kg
2800919000003;Mandeln, blanchiert;kg
2000000302416;Mandeln, blanchiert & geröstet;Stück (250 g)
2800922000007;Mandeln, natur;kg
2000000302409;Mandeln, natur & geröstet;Stück (250 g)
4260100263415;Mango;Stück (300 g)
2800650000003;Mango;kg
4026813420053;Mango;Stück (300 g)
2800589000006;Mango Angebot;kg
2800965000002;Mango getrocknet;kg
2800642000004;Mango, Keitt;kg
2800333000009;Mango, Osteen;kg
2800459000006;Mango, Sensacion;kg
4260039070153;Mango, getrocknet;Stück (150 g)
2800413000004;Mango, reduziert;kg
2000000302324;Mangoeis;kg
4260039071846;Mangoeis;Stück (500 ml)
2800123000004;Mangokiste 4 kg;Stück (4 kg)
2800416000001;Mangold;kg
2800223000003;Mangold;kg
2800546000001;Mangold;Einheit(en)
2800210000009;Mangold, bunt;kg
2800578000000;Mangos Kent;Einheit(en)
2800475000004;Maracuja;kg
2000000301976;Margherita;Einheit(en)
2000000302140;Marinara;Einheit(en)
4260522420113;Marines Jod;Einheit(en)
2800380000007;Maronen / Esskastanien;kg
2800962000005;Maulbeeren getrocknet;kg
5202423312981;Mediterraner Cocktail in Olivenöl;Stück (180 g)
5202423124102;Mediterraner Mix in Olivenöl;Stück (190 g)
2800127000000;Meerrettich;kg
4019736008897;Meerrettich Streich;Stück (180 g)
2000000300290;Mehrkorn-Brötchen;Stück (75 g)
4005394284872;Meister Backhefe, BIO;Stück (7 g)
2800667000003;Mel Cantaloup;Einheit(en)
2800383000004;Melone Canari;kg
2800331000001;Melone Canari;kg
2800437000004;Melone Cantaloup;kg
2800549000008;Melone Futru;kg
2800329000006;Melone Galia;kg
2800613000002;Melone Honey Dew;kg
2800327000008;Melone Piel de Sapo;kg
2800463000009;Melone l2g;kg
4260039074175;Mesquite Pulver;Stück (100 g)
2000000308975;Mesquite Pulver;kg
2000000300399;Mettler-Tholedo Etiketten 46,8 x 42,9/ 40;Einheit(en)
2000000309668;Milchflasche 1000ml, Braunglas, Mdg.: TO48;Einheit(en)
2000000309675;Milchflasche 500ml, Weißglas, Mdg.: TO48;Einheit(en)
4270000299766;Milder Ingo;Stück (500 ml)
2800219000000;Minigurken;kg
2800601000007;Minze;Einheit(en)
2000000302379;Minze-Softeis;kg
2800363000000;Mirabellen;kg
2800621000001;Mirabellenschalen. 500 g;Einheit(en)
2000000303369;Mittagessen Feldtag 2025;Einheit(en)
2000000301709;Mitteilungen;Einheit(en)
2000000303314;Mohnschnecke;Einheit(en)
2000000300566;Mokkaeis;kg
4260039070016;Mokkaeis;Stück (500 ml)
2000000302133;Mousse au Chocolat;Einheit(en)
2000000300931;Multikiste;Einheit(en)
8720828386033;Multipack Apfel & Erdbeere;Stück (5 x 45 ml)
4019339443101;Mungbohnen;Stück (500 g)
2800941000002;Mungbohnen;kg
4260039071945;Munglette;Stück (270 g)
2800129000008;Möhren;kg
2800253000004;Möhren;kg
2800205000007;Möhren 2. Wahl;kg
2800586000009;Möhren, 500 g Schale;Stück (500 g)
2800594000008;Möhren, bunt;kg
2800101000002;Möhrensack, 2 kg, 2. Wahl;Stück (2 kg)
2800131000003;Möhrensack, 3 kg, 2. Wahl;Stück (3 kg)
2000000303543;Möhrensaft, frisch gepresst;Stück (500 ml)
2000000303536;Möhrensaft, frisch gepresst;Stück (250 ml)
2000000303567;Mühle Duett 100;Einheit(en)
2000000303550;Mühle Fidibus 21;Einheit(en)
2000000305486;Mühle Fidibus Classic;Einheit(en)
2000000303581;Mühle Fidibus Medium;Einheit(en)
2000000303574;Mühle Fidibus XL Plus;Einheit(en)
4260284219840;Nachtcreme Sonnenhut Hagebutte;Stück (50 ml)
4001638086592;Nachtkerze Festigende Augen- und Lippenpflege;Stück (10 ml)
2800913000009;Nacktgerste;kg
2800906000009;Nackthafer;kg
2000000300207;Napfkiste groß;Einheit(en)
2000000300191;Napfkiste klein;Einheit(en)
8713576002133;Naturreis Ramen;Stück (280 g)
2800404000006;Nektarinen;kg
4019736001362;Nuss-Paprika Aufstrich;Stück (200 g)
2000000300351;Nussecken;Einheit(en)
2000000300948;Nussecken, 2er Pack;Einheit(en)
2000000300245;Nussfrischcreme;kg
4260039071938;Nussfrischcreme Schnittlauch und Dill;Stück (180 g)
4260039071921;Nussfrischcreme mit Macadamia und Mandel;Stück (180 g)
4000266480222;Oblaten  70 mm, glutenfrei;Stück (50 g)
4035600926906;Oblaten  90 mm;Stück (20 St.)
4035600926241;Oblaten 90 mm;Stück (20 St.)
2000000301716;Obstfaltkorb m. integr.Tragegriff;Einheit(en)
2000000303062;Obsttörtchenboden;Einheit(en)
4020713007789;Obsttüte 1kg, Regional 1. Wahl;Einheit(en)
4020713007796;Obsttüte 2 kg, Regional;Einheit(en)
2000000310749;Okara;kg
4006040089896;Oliven Amphissa grün, ohne Stein in Lake;Stück (315 g)
2000000304168;Oliven dunkel entsteint in Lake;kg
4260039073741;Oliven geschnit.;Stück (250 g)
2000000300061;Oliven geschnitten;kg
2000000302935;Oliven grün mit Kräutern;kg
4006040035176;Oliven grün, gefüllt mit Mandeln in Lake;Stück (190 g)
2000000302959;Oliven in Öl;kg
4260039076971;Oliven ohne Stein;Stück (200 g)
4260067150575;Olivenpaste grün;Stück (100 g)
4260067150568;Olivenpaste schwarz;Stück (100 g)
4006040285311;Olivenscheiben für Salat und Pizza;Stück (190 g)
4007547305007;Olivenwaschmittel für Wolle und Seide 20–40 °C;L
4260039075288;Olivenöl;Stück (750 ml)
4260039074687;Olivenöl;Stück (2,5 l)
4260039074700;Olivenöl;Stück (2 l)
4260039071426;Olivenöl;Stück (500 ml)
4260039076940;Olivenöl;Stück (250 ml)
4260039075295;Olivenöl;Stück (3 l)
5200104100100;Olivenöl Großgebinde;Stück (5 l)
2000000300030;Olivenöl nativ;Stück (10 l)
4260461136229;Omega 3 Komplex DHA + EPA Vegan;Stück (136,8 g)
4260677588478;Omega 3 Öl  DHA 30% + EPA 15% Vegan;Stück (100 ml)
2006040307503;Orangeat ohne We;kg
2800348000001;Orangen;kg
2800574000004;Orangen;kg
2000000301914;Orangen-Sorbet-Softeis;kg
2800190000006;Orangenkiste 10 kg;Stück (10 kg)
4015533004636;Orangensaft;Stück (200 ml)
2000000301150;Orangensaft;Einheit(en)
2000000300269;Orangensaft frisch;L
2000000310770;Orangenschale;kg
2800653000000;Orangentüte, 2 kg;Stück (2 kg)
4012346153605;Oregano;Stück (15 g)
2000000309736;Oregano gerebelt;kg
2000000302003;Ortolana;Einheit(en)
2000000301679;PP-Blockbodenbeutel transparent 100+50x280mm OPPC Coex-Folie 40 u;Einheit(en)
2000000301556;PP-Bodenbeutel 115x190mm 30µ;Einheit(en)
2000000301501;PP-Bodenbeutel 145x235mm 30µ;Einheit(en)
2800616000009;Pak Choi;kg
2800591000001;Pak Choi;kg
2800410000007;Pak Choi;Einheit(en)
2800615000000;Pak Choi;Einheit(en)
2000000300627;Palette;Einheit(en)
2800614000001;Palmkohl;kg
2800596000006;Papaya;kg
2800349000000;Papaya;kg
2800119000001;Papayakiste;Einheit(en)
2800572000006;Papayakiste Angebot;Stück (2,5 kg)
2800967000000;Papayastücke getrocknet;kg
2000000301488;Papayawürfel getrocknet;kg
4020713058422;Papier-Tragetasche;Einheit(en)
2000000302720;Papiertragetasche;Einheit(en)
2000000302713;Papiertüte;Einheit(en)
9004145008946;Paprika edelsüß, gemahlen;Stück (50 g)
2800136000008;Paprika rot;kg
2800554000000;Paprika, 2.Wahl;kg
2800133000001;Paprika, gelb;kg
2800132000002;Paprika, gelb;kg
2800135000009;Paprika, grün;kg
2800399000005;Paprika, grün;kg
2800220000006;Paprika, orange;kg
2800137000007;Paprika, rot;kg
2800245000005;Paprika, rot;kg
2800547000000;Paprika, rot;kg
2000000303031;Paprikapulver;kg
2800528000005;Paprikaschale, 350 g;Einheit(en)
2800687000007;Paprikatüte;Einheit(en)
4260641118328;Paradiesschorle;Stück (330 ml)
2800945000008;Paranüsse;kg
2800969000008;Paranüsse;kg
4250085774563;Passata;Stück (700 ml)
2800134000000;Passionsfrüchte / Maracuja;kg
2000000302560;Pasta Funghi;Einheit(en)
2000000302553;Pasta Mediterran;Einheit(en)
2000000302638;Pasta Pesto;Einheit(en)
2800454000001;Pastinaken;kg
2800142000009;Pastinaken;kg
2800928000001;Pekannüsse;kg
2000000300238;Pekannüsse Bruch;kg
4260335839560;Pesto Rosso;Stück (180 g)
8713576191219;Pesto Verde;Stück (180 g)
4250073460362;Pesto mit Basilikum und Cashewkernen;Stück (130 ml)
2800197000009;Petersilie, glatt;Einheit(en)
2800247000003;Petersilie, glatt;Einheit(en)
2800562000009;Petersilie, kraus;Einheit(en)
2800560000001;Petersilie, kraus;Einheit(en)
4260039073154;Petersilienpesto;Stück (90 g)
2000000301242;Pfand -0,15 Rücknahme;Einheit(en)
2000000303512;Pfand -0,25 Rücknahme;Einheit(en)
2000000308203;Pfand -0,50 Rücknahme;Einheit(en)
2000000309392;Pfand -1,00 Rücknahme;Einheit(en)
2000000301266;Pfand -1,50 Rücknahme;Einheit(en)
2000000301280;Pfand -2,40 Rücknahme;Einheit(en)
2000000301624;Pfand -2,50 Rücknahme;Einheit(en)
2000000302249;Pfand -3,00 Rücknahme;Einheit(en)
2000000301228;Pfand -3,30 Rücknahme;Einheit(en)
2000000301235;Pfand -3,40 Rücknahme;Einheit(en)
2000000302232;Pfand -5,00 Rücknahme;Einheit(en)
2000000301006;Pfand 0,15;Einheit(en)
2000000303529;Pfand 0,25;Einheit(en)
2000000309699;Pfand 0,50;Einheit(en)
2000000300979;Pfand 1,00;Einheit(en)
2000000301020;Pfand 1,50;Einheit(en)
2000000301044;Pfand 2,40;Einheit(en)
2000000301617;Pfand 2,50;Einheit(en)
2000000302225;Pfand 3,00;Einheit(en)
794;Pfand 3,30;Einheit(en)
2000000301198;Pfand 3,40;Einheit(en)
2000000302188;Pfand 5,00;Einheit(en)
5060229014856;Pfefferminztee Mint Refresh;Stück (40 g)
2800422000002;Pfifferlinge;kg
2800423000001;Pfifferlinge, 100 g Schale;Stück (100 g)
2800351000005;Pfirsich, gelb;kg
2000000301891;Pfirsich-Joghurt-Softeis;kg
2000000302362;Pfirsich-Mango Sorbet Softeis;kg
2800353000003;Pfirsiche, rot;kg
2800304000007;Pfirsiche, weiß;kg
4260039070931;Pfirsichhälften;Stück (650 g)
4260039070955;Pfirsichhälften;Stück (380 g)
2800357000009;Pfirsichschale;Stück (500 g)
2800418000009;Pflaumen;kg
2800429000005;Pflaumen Claudia Schale 500 g;Stück (500 g)
2800973000001;Pflaumen ohne Stein getrocknet;kg
2800557000007;Pflaumen, 2 kg Korb;Stück (2 kg)
2800401000009;Pflaumen, 500 g Schale;Stück (500 g)
2800626000006;Pflaumen, 500 g Schale;Stück (500 g)
2800374000006;Pflaumen, Claudia;kg
2800427000007;Pflaumen, gelb;kg
2800359000007;Pflaumen, rot;kg
2800434000007;Pflaumen, schwarz;kg
2800252000005;Pflücksalat, Asia;kg
2800587000008;Pilze (Angebot);kg
2000000301761;Pino;Einheit(en)
2000000301754;Pinochino;Einheit(en)
4260576712998;Pintobohnen;kg
2800937000009;Pintobohnen;kg
4019339462102;Pintobohnen;Stück (500 g)
2000000310169;Pistazien;kg
4026363701329;Pistazien geröstet & gesalzen;Stück (250 g)
2000000301884;Pistazien-Softeis;kg
4260039070528;Pistazieneis;Stück (500 ml)
2000000300573;Pistazieneis;kg
4260039070290;Pistazienmus;Stück (180 g)
4260718291213;Pistazienmus 1 kg;kg
2800980000001;Polenta;kg
4022381237208;Polenta (Maisgrieß);Stück (500 g)
8018759000020;Polpa di pomodoro - Stückige Tomaten;Stück (690 g)
2800141000000;Pom-Pom Blanc;kg
4019339173107;Popcorn Mais 500g;Stück (500 g)
2800189000000;Porree;kg
2800149000002;Porree;kg
2800307000004;Porree;kg
2800291000004;Porree;kg
652;Porree (St);Stück
2000000301136;Porridge;Einheit(en)
4006040014072;Porridge / Brei Basis;Stück (500 g)
4006040014300;Porridge / Brei Beeren;Stück (500 g)
2800415000002;Portabella Pilz;kg
2000000305646;Pralinen;Einheit(en)
4008377001466;Premium Backpulver (GDL);Stück (216 g)
2000000302164;Primavera;Einheit(en)
4018462253700;Protein Knusperecken rote Linse;Stück (90 g)
5411188513513;Provamel Sojadrink Ohne Zucker;Stück (1 l)
2000000302447;Punsch;Einheit(en)
4260039070030;Quarkalternative;Stück (350 g)
4260039070108;Quarkalternative mit Frucht;Stück (350 g)
4012346155500;Quarkgewürz;Stück (30 g)
3000000301753;Quiche mit Spargelsalat;Einheit(en)
2800909000006;Quinoa;kg
4026584133220;Quinoa-Taler;Stück (195 g)
2800409000001;Quitten;kg
4260039075585;Quittensaft;Stück (0,95 l)
2800251000006;Radicchio;Einheit(en)
2800151000007;Radicchio;kg
2800688000006;Radieschen;Einheit(en)
2800503000006;Radieschen;kg
2800147000004;Radieschen;Einheit(en)
3445020296700;Rapsöl nativ;Stück (500 ml)
2000000307206;Raumnebenkosten;Einheit(en)
2000000307190;Raumnutzung;qm
4020713007840;Regional Obsttüten 5kg;Einheit(en)
4038375025300;Reis Drink Kokos;Stück (1 l)
9020200031315;Reis Drink mit Calcium;Stück (1 l)
4016249218218;Reis Haselnuss Drink ungesüßt;Stück (1 l)
;Reis Lasagne Vollkorn;Stück (250 g)
4006040155089;Reis Spaghetti Vollkorn;Stück (250 g)
4006040635024;Reis Spirelli Vollkorn;Stück (250 g)
4006040155164;Reis-Casarecce Vollkorn;Stück (250 g)
2000000302904;Reisbrot;Stück (500 g)
4260039070634;Reiskräcker;Stück (130 g)
2000000300139;Reissirup;kg
4000430116582;Reissirup glutenfrei;Stück (460 g)
4260039070610;Reiswaffeln mit Carob-Kuvertüre;Stück (120 g)
4250085773108;Reiswaffeln mit Salz;Stück (100 g)
4018462250303;Reiswaffeln mit Sesam, 100 g;Stück (100 g)
2800755000007;Rettich, im Bund;Einheit(en)
2800754000008;Rettich, rot;kg
2800192000004;Rettich, schwarz;kg
2800666000004;Rettich, weiß;kg
2800294000001;Rhabarber;kg
2800400000000;Riesenb, frisch;kg
;Risotto Mediterran;Einheit(en)
2000000302614;Risotto mit Auberginen;Einheit(en)
2000000302621;Risotto mit Kürbis;Einheit(en)
2000000302607;Risotto mit Pilzen;Einheit(en)
;Risotto mit Safran;Einheit(en)
;Risotto mit Spargelgrün;Einheit(en)
2800907000008;Roggen;kg
2000000301341;Roggen, Biolandhof Schürdt;kg
2000000300146;Roggenmisch-Brot;Stück (900 g)
2000000302843;Roggenmischbrot klein;Stück (450 g)
2000000301099;Rohrohrzucker;kg
2000000300214;Rolli;Einheit(en)
2800125000002;Romanaherze;Einheit(en)
2800318000000;Romanaherze;Einheit(en)
2800685000009;Romanasalat, grün;Einheit(en)
2800686000008;Romanasalat, rot;Einheit(en)
2800672000005;Romanesco;kg
2800518000008;Romanesco;Einheit(en)
2800630000009;Romanesco, groß;Einheit(en)
2800631000008;Romanesco, klein;Einheit(en)
2800170000002;Romatomaten;kg
2800243000007;Romatomaten;kg
2800155000003;Rosenkohl;kg
4026813000200;Rosenkohl;Stück (300 g)
2800414000003;Rosenkohl;kg
2800571000007;Rosenkohl am Strunk;Einheit(en)
2800544000003;Rosenkohl, 500 g Schale;Stück (500 g)
2800708000009;Rosmarin;Einheit(en)
4012346155005;Rosmarin;Stück (30 g)
4004191016518;Rotbäckchen Vital Eisen Formel;Stück (450 ml)
4004191016532;Rotbäckchen Vital Energie Formel;Stück (450 ml)
4004191016525;Rotbäckchen Vital Immun Formel;Stück (450 ml)
4004191016549;Rotbäckchen Vital Vitamin D;Stück (450 ml)
4004191016563;Rotbäckchen Vital Vitaminformel;Stück (450 ml)
2800286000002;Rote Babybete;kg
2800157000001;Rote Bete;kg
2800288000000;Rote Bete;kg
2800691000000;Rote Bete Grün;Einheit(en)
4015533000393;Rote Bete Most;Stück (0,7 l)
2800193000003;Rote Bete länglich;kg
2800636000003;Rote Bete länglich, 500 g Schale;Stück (500 g)
2800156000002;Rote Bete, Bund;Einheit(en)
2800690000001;Rote Bete, Stück;Einheit(en)
2800602000006;Rote Bete, klein;kg
2800932000004;Rote Linsen;kg
4019736008934;Rote-Bete-Meerrettich Streich;Stück (180 g)
2000000309859;Rote-Bete-Suppe;Stück (400 g)
2800158000000;Rotkohl;kg
2800226000000;Rotkohl;kg
2800583000002;Rotkohl;Einheit(en)
2800646000000;Rotkohl - ANGEBOT;kg
2800268000006;Rotkohl umst;kg
2800121000006;Rucola;kg
2800228000008;Rucola;kg
2800692000009;Rucola;Einheit(en)
2000000302010;Rucola;Einheit(en)
2800993000005;Rundkornreis;kg
2800317000001;Rübchen Navets;kg
2800408000002;Rübstiel, Bund;Einheit(en)
2000000303710;Saatenbrötchen;Stück (75 g)
4015533018831;Saft VDF, voll  12 x 0,2;Stück (12x0,2 l)
4260186870705;Saft VDF, voll 6 x 0,7l;Stück (6x0,7 l)
2800344000005;Saftmandarinen;kg
2800346000003;Saftmandarinentüte;Einheit(en)
2800506000003;Saftmöhren;kg
2800540000007;Saftmöhren;kg
2800581000004;Saftorangen;kg
2800582000003;Saftorangentüte, 2 kg;Stück (2 kg)
2800694000007;Salat Grazer Krauthäuptel;Einheit(en)
2800695000006;Salat Lollo Bionda;Einheit(en)
2800696000005;Salat Lollo Rosso;Einheit(en)
2800661000009;Salat Raisa, rot;Einheit(en)
2800395000009;Salat der Woche;Einheit(en)
2800148000003;Salat, klein;Einheit(en)
4012346153308;Salatgewürz;Stück (40 g)
2800159000009;Salattomaten;kg
2800167000008;Salattomaten;kg
4009309414378;Salzdillgurken milchsauer;Stück (580 ml)
4009309110256;Salzgurken milchsauer;Stück (370 ml)
2000000302126;Sandwich vom Grill;Einheit(en)
2000000303741;Saucenflasche 43ml;Einheit(en)
4260039070511;Sauerkirsch-Eis;Stück (500 ml)
2000000301105;Sauerkirsch-Eis;kg
4004191014057;Sauerkirsche Muttersaft;Stück (330 ml)
2000000301389;Sauerkirscheis;kg
4026584103353;Sauerkirschen;Stück (300 g)
4026813420015;Sauerkirschen;Stück (300 g)
4026813424020;Sauerkirschen;Stück (2,5 kg)
4019736014270;Sauerkirschen entsteint;Stück (360 g)
2800963000004;Sauerkirschen getrocknet;kg
4260039070665;Sauerkraut (Beutel);Stück (400 g)
4260039070658;Sauerkraut (Eimer);Stück (5000 g)
4260039070672;Sauerkraut (Glas);Stück (400 g)
4260186270017;Sauerkraut - saftig, zart;Stück (410 g)
2800484000002;Sauerkraut rund;kg
2000000302867;Schabzigerklee;kg
4260039074915;Schabzigerklee;Stück (30 g)
4270000299759;Scharfer Ingo;Stück (500 ml)
2000000303192;Schaumspender Braunglas;Einheit(en)
2000000303208;Schaumspender PET;Einheit(en)
2800444000004;Schlangengurke;kg
2800306000005;Schlangengurke;kg
2800392000002;Schlangengurke;Einheit(en)
2800161000004;Schlangengurke;Einheit(en)
2800607000001;Schlangengurke, 3er Paket;Einheit(en)
2800269000005;Schlangengurke, krumm;kg
2800256000001;Schlangengurken, 2. Wahl;kg
2800702000005;Schnittknoblauch;Einheit(en)
2800215000004;Schnittlauch;Einheit(en)
2800254000003;Schnittlauch;Einheit(en)
4019736008965;Schnittlauch Streich;Stück (180 g)
4031829253304;Schnittlauch fein geschnitten;Stück (50 g)
2000000307657;Schnittlauch, TK;Stück (200 g)
2800204000008;Schnittsalat-Mix;kg
2800166000009;Schnittsalat-Mix;Einheit(en)
2800311000007;Schnittsalat-Mix;Stück (100 g)
2800396000008;Schnittsalat-Mix;Einheit(en)
2000000309323;Schokoladendose;Einheit(en)
2000000310237;Schraubgl, 213ml;Einheit(en)
2000000303680;Schraubglas 1053ml;Einheit(en)
2000000309682;Schraubglas 405 ml, Honigglas;Einheit(en)
2000000303673;Schraubglas, 212ml;Einheit(en)
4260039070917;Schulung;Einheit(en)
4260576713162;Schwarze Bohnen aus Österreich;kg
2800997000001;Schwarze Bohnen aus Österreich;kg
2000000308531;Schwarzkümmel ga;kg
4012346156903;Schwarzkümmel, ganz;Stück (50 g)
4260355580930;Schwarzkümmelöl nativ;Stück (100 ml)
2800424000000;Schwarzwurzeln;kg
2000000300283;Schwäbische Briegel;Stück (90 g)
4012359115003;Seidentofu;Stück (400 g)
5400313000974;Seitan in Tamari;Stück (330 ml)
2800643000003;Sellerieknolle;kg
2800163000002;Sellerieknolle;kg
2800308000003;Sellerieknolle mit Grün;Einheit(en)
4001638590075;Sensitiv Feuchtigkeitscreme Mandel;Stück (30 ml)
4012936001385;Sesam Vollkorn Knäcke;Stück (200 g)
2800954000006;Sesam ungeschält;kg
2000000303215;Shampoo Pulver zum Nachfüllen;Einheit(en)
2800411000006;Shiitake;kg
4015533045660;Shot Ingwer & Kurkuma;Stück (750 ml)
2000000300702;Siegel Etikett;Einheit(en)
4001638501989;Skin Food Lip Butter;Stück (8 ml)
2800605000003;Snackgurken (Angebot);kg
2800606000002;Snackgurken, 500 g Schale;Stück (500 g)
2800608000000;Snackgurken, 750 g Schale;Stück (750 g)
4005561536025;Snäckebrot Sesam & Dinkel;Stück (200 g)
2000000303260;Softeis;kg
3273227082587;Soja Alternative zu Quark;Stück (400 g)
4016249162450;Soja Cuisine;Stück (200 ml)
5411188124320;Soja Cuisine;Stück (250 ml)
5411188124337;Soja Cuisine;Stück (750 ml)
4016249143503;Soja Drink;L
2000000310138;Soja Lecithin Pulver;kg
2000000309132;Soja Lecithin flüssig;kg
6120469933955;Soja Lecithin flüssig (konv);Stück (550 ml)
7610491013361;Soja Vollkorn Bandnudeln;Stück (250 g)
7610491013309;Soja Vollkorn Hörnchen;Stück (500 g)
7610491037459;Soja Vollkorn Maccaroni;Stück (500 g)
7610491013323;Soja Vollkorn Spaghetti;Stück (500 g)
7610491013330;Soja Vollkorn Spirelli;Stück (500 g)
2000000300696;Sojabohnenhälften, geschält;kg
3273221115670;Sojade Alternative zu Skyr Natur;Stück (400 g)
3273227081023;Sojade Natur;Stück (400 g)
3273220981023;Sojade Natur 5 kg Eimer;Stück (5 kg)
3273221092940;Sojade Natur Demeter;Stück (400 g)
4260039070429;Sojadrink - Trink Mich Natur;Stück (490 ml)
4260039070160;Sojadrink - Trink Mich Sweet;Stück (0,99 l)
2800558000006;Sojadrink - Trink Mich Sweet Markt;Stück (0,99 l)
4260313280070;Sojadrink Natur Pur;Stück (1 l)
4025174121111;Sojaflocken;Stück (500 g)
2800977000007;Sojaflocken;kg
4025174121135;Sojagranulat;Stück (250 g)
4015637826455;Sojamehl getoastet glutenfrei Bio;Stück (250 g)
2000000308791;Sojaspross. getr;kg
;Solawi Ernteanteil groß;Einheit(en)
;Solawi Ernteanteil klein;Einheit(en)
;Solawi Ernteanteil mini;Einheit(en)
;Solawi Probeanteil Brot;Einheit(en)
;Solawi Probeanteil Eier;Einheit(en)
;Solawi Probeanteil Honig;Einheit(en)
;Solawi Probeanteil Leinöl;Einheit(en)
;Solawi Probeanteil groß;Einheit(en)
;Solawi Probeanteil klein;Einheit(en)
;Solawi Probeanteil mini;Einheit(en)
;Solawi Umsatzkorrektur Ernte/Anteile;Einheit(en)
;Solawi Zusatzanteil Brot;Einheit(en)
;Solawi Zusatzanteil Eier;Einheit(en)
;Solawi Zusatzanteil Honig;Einheit(en)
;Solawi Zusatzanteil Leinöl;Einheit(en)
4260072176591;SonnenblumenHACK;Stück (76 g)
2800955000005;Sonnenblumenkerne;kg
2000000309569;Sonnenblumenkernöl mild;L
74605276785;Sonnenblumenkernöl, Rohkost;Stück (500 ml)
2000000310145;Sonnenblumenlecithin, flüssig;kg
3445020210706;Sonnenblumenöl nativ;Stück (500 ml)
8713576230116;Sonnengetrocknete Tomaten;Stück (100 g)
9004145025332;Sonnige Grüße Tee;Stück (45 g)
4038375024204;Soya natural;Stück (1 l)
4024297060147;Spaghetti aus Dinkelvollkorn;Stück (500 g)
2800122000005;Spaghettikürbis;kg
2800225000001;Spargel, grün;kg
2800502000007;Spargel, grün;kg
2800299000006;Spargel, grün 500g (Angebot);Einheit(en)
2800173000009;Spargel, grün, 250 g;Einheit(en)
2800501000008;Spargel, grün, 500g;Stück (500 g)
2800222000004;Spargel, weiß;kg
2800508000001;Spargel, weiß (Angebot);kg
2800505000004;Spargel, weiß, 500 g (Angebot);Stück (500 g)
2800221000005;Spargel, weiß, 500g;Einheit(en)
2000000302423;Spekulatiusgewürz;kg
2000000302751;Spende;Einheit(en)
2800262000002;Spinat;kg
2800292000003;Spinat;kg
2800182000007;Spinat, 500g;Einheit(en)
2800599000003;Spinat, 500g;Einheit(en)
2800231000002;Spitzkohl;kg
2800588000007;Spitzkohl;Einheit(en)
2800387000000;Spitzkohl;kg
2800673000004;Spitzkohl;Einheit(en)
2800336000006;Spitzkohl;kg
2800214000005;Spitzkohl, 2. Wahl;kg
2800217000002;Spitzkohl, rot;kg
2800283000005;Spitzpaprika, Sweet Bite;kg
2800509000000;Spitzpaprika, gelb;kg
2800138000006;Spitzpaprika, grün;kg
2800246000004;Spitzpaprika, rot;kg
2800140000001;Spitzpaprika, rot;kg
9004145007833;Sprossen-Mix;Stück (120 g)
4019886000239;Spülmittel Lemon & Lime;Stück (500 ml)
2000000306766;Standardversand;Einheit(en)
2800309000002;Stangenb. Schale;Einheit(en)
2800240000000;Stangenbohnen;kg
2800258000009;Stangenbohnen;kg
2800310000008;Stangensellerie;Einheit(en)
2800564000007;Stangensellerie;Einheit(en)
2800548000009;Stangensellerie;kg
2800235000008;Stangensellerie;Einheit(en)
2800398000006;Steckrüben;kg
2800433000008;Steinpilze;kg
4250085778172;Steinsalz;Stück (500 g)
2000000308609;Steinsalz;kg
4260039074465;Steinsalz, fein;Stück (500 g)
2800242000008;Strauchtomaten;kg
2000000302171;Streuselkuchen;Einheit(en)
2000000303697;Sturzglas, 125ml;Einheit(en)
2000000309385;Sturzglas, 230ml;Einheit(en)
2000000303703;Sturzglas, 435ml;Einheit(en)
2000000309361;Sturzglas, 720ml;Einheit(en)
4260039073147;Sugo pronto;Stück (370 ml)
2800956000004;Sultanas getrocknet;kg
2800538000002;Suppengrün;Einheit(en)
4035458207899;Sushi Nori Green;Stück (125 g)
2800130000004;Süßkartoffel;kg
2800633000006;Süßkartoffel 2. Wahl;kg
2800513000003;Süßkartoffeln;kg
2000000300122;Süßlupinenmehl;kg
4038507003503;Süßlupinenmehl;Stück (300 g)
2000000309378;TO 100 Caps;Einheit(en)
2000000301372;TO 48 schwarz;Einheit(en)
2000000309545;TO 48 schwarz past. BLUESEAL;Einheit(en)
2000000309118;TO 53 Holzdekor matt past. BLUESEAL;Einheit(en)
2000000309644;TO 66 Caps blueseal;Einheit(en)
2000000309651;TO 66 schwarz past.;Einheit(en)
2000000309538;TO 82 blueseal;Einheit(en)
4260039071174;Tahini, dunkel;Stück (400 g)
4260039071853;Tahini, dunkel;Stück (180 g)
4260039071150;Tahini, hell;Stück (400 g)
4260039071839;Tahini, hell;Stück (180 g)
8713576271249;Tamari strong Premium;Stück (250 ml)
4260039074953;Tapiokastärke;Stück (100 g)
2000000301778;Tee;Einheit(en)
2000000303345;Teilnahmegebühr Feldtag 2025;Einheit(en)
2800340000009;Tellernektarine;kg
2800552000002;Tellerpfirsich;kg
2800354000002;Tellerpfirsiche;kg
4012346155104;Thymian;Stück (20 g)
4031829246283;Tiefkühl-Isoliertasche;Einheit(en)
4006040202776;Tiger Tomatensauce;Stück (345 ml)
4012359114204;Tofu Basilico;Stück (200 g)
4067583010013;Tofu Basilikum;Stück (100 g)
4030126000031;Tofu Natur;kg
4030126000017;Tofu Natur;Stück (300 g)
4012359114402;Tofu Olive;Stück (200 g)
4260039074212;Tofupastete delikat;Stück (200 g)
4019736014447;Tomate Basilikum Scheiben;Stück (100 g)
2800389000008;Tomate Ekstasis;kg
2800561000000;Tomate, rosa;kg
2800260000004;Tomate, schwarz;kg
4019736008903;Tomate-Olive Streich;Stück (180 g)
4006040410706;Tomaten getrocknet in Olivenöl;Stück (275 g)
4260067150445;Tomaten mariniert;Stück (150 g)
2800620000002;Tomaten, 2,5 kg Korb;Stück (2,5 kg)
2800379000001;Tomaten, 7 kg Kiste;Stück (7 kg)
2800500000009;Tomatenangebot;kg
4260655550220;Tomatenaufstrich mit Kräutern;Stück (135 g)
4250085774518;Tomatenmark, 100 g;Stück (100 g)
4006040290216;Tomatenmark, einfach konzentriert (22% Tr.M.);kg
4006040003489;Tomatenmark, einfach konzentriert (22% Tr.M.);Stück (360 g)
2800627000005;Tomatenmix, 2,5 kg Korb;Stück (2,5 kg)
4260039070191;Tomatenpassata;Stück (500 g)
2800446000002;Tomatenrund 3,3 kg Kiste;Einheit(en)
2800565000006;Tomatenschale, 500 g;Stück (500 g)
2800468000004;Tomatenschale, 700 g;Stück (700 g)
4260039073161;Tomatensoße Classic;Stück (370 ml)
4260039074182;Tomatensoße mit Kräutern;Stück (400 g)
4260039070054;Tomatensoße mit Paprik;Stück (400 g)
2000000300894;Tomatenstreifen;kg
2000000302485;Tomatensuppe;Einheit(en)
2800373000007;Tomatentüte, 2 kg;Einheit(en)
2800704000003;Topfkräuter Basilikum;Einheit(en)
2800710000004;Topfkräuter Melisse;Einheit(en)
2800709000008;Topfkräuter Minze;Einheit(en)
2800706000001;Topfkräuter Petersilie glatt;Einheit(en)
2800707000000;Topfkräuter Petersilie kraus;Einheit(en)
2800705000002;Topfkräuter Schnittlauch;Einheit(en)
2800566000005;Topfkräuter alle Sorten;Einheit(en)
2800470000009;Topinambur;kg
8718754500951;Tortilla Chips Naturel;Stück (200 g)
4026584133008;Toskana-Sticks;Stück (5x35 g)
2800321000004;Trauben weiß, kernlos;kg
2800393000001;Trauben, Autumn Royal;kg
2800419000008;Trauben, Del Oledo;kg
2800428000006;Trauben, Moscatell;kg
2800430000001;Trauben, Red Globe;kg
4036637199059;Traubens. Kerner;Stück (735 ml)
2000000301112;Traubensaft;Einheit(en)
4036637199035;Traubensaft Dornfelder;Stück (735 ml)
4036637907005;Traubensaft Gewürztraminer;Stück (735 ml)
4036637199042;Traubensaft Riesling;Stück (735 ml)
4036637906008;Traubensaft Spätburgunder;Stück (735 ml)
2000000301426;Traubensaft naturtrüb;Stück (250 ml)
2800343000006;Traubenschale, 500 g;Stück (500 g)
4036637902000;Traubensecco;Stück (750 ml)
4260039071006;Tropic Sorbet;Stück (500 ml)
2000000302263;Tropic Sorbet;kg
2000000301822;Tropic Sorbet Softeis;kg
4260039070535;Tropiceis;Stück (500 ml)
2000000304823;Umb. Zahlwege;Einheit(en)
4016512062142;Ur-Salz naturbelassen;Stück (1 kg)
2000000302805;Urkornkruste;Stück (900 g)
2000000302690;Vanille;kg
2000000302065;Vanille-Softeis;kg
2000000301990;Vegetariana;Einheit(en)
2806001000005;Versandkosten DE;Einheit(en)
4260461116672;Vitamin B Komplex Buchweizen;Stück (59,6 g)
4041742005027;Vitamin B12;Stück (50 ml)
4260677581967;Vitamin C + Zink Gummies;Stück (132 g)
4260461115651;Vitamin C 1000 Pur;Stück (112,8 g)
4260677580496;Vitamin C 500 Ultra LS;Stück (83,2 g)
4069484001220;Vitamin D3 + K2 MK7 Kids Gummies;Stück (150 g)
4260461113459;Vitamin D3+K2 1T;Stück (10 ml)
4260461113350;Vitamin D3+K2 5T;Stück (10 ml)
4015533034886;Voelkel, braun voll 10 x 0,33l 7%;Stück (10x0,33 l)
4031779080029;Vollkorn Blätterteig;Stück (300 g)
4006040150596;Vollkorn Spirelli;Stück (5 kg)
4024297007852;Vollkorn-Knäckebrot mit Dinkel;Stück (250 g)
2800987000004;Vollkornspirelli;kg
2000000300092;Vollrohrzucker;kg
4260039074489;Vollrohrzucker;Stück (250 g)
4019886020008;WC-Reiniger Citrus;Stück (750 ml)
2800638000001;Wabenhonig;Stück (160 g)
2000000300559;Waldfruchteis;kg
4260039076957;Waldfruchteis;Stück (500 ml)
2000000310206;Waldstaudenroggen;kg
2000000309910;Walnuss-Cashew Eis;kg
4260039072508;Walnuss-Cashew-Creme;kg
4260039071662;Walnuss-Cashew-Creme;Stück (180 g)
4260039075318;Walnuss-Cashew-Eis;Stück (500 ml)
2000000301853;Walnuss-Cashew-Softeis;kg
2000000301143;Walnusscreme;Einheit(en)
2800944000009;Walnusskerne;kg
2800947000006;Walnusskerne;kg
2800367000006;Walnüsse mit Schale;kg
2800641000005;Walnüsse mit Schale;kg
2800570000008;Walnüsse mit Schale;kg
4007547504004;Waschmittel Color Mint & Lemon;Stück (1,5 l)
2000000308050;Wasser;L
2800390000004;Wassermelone;Einheit(en)
2800305000006;Wassermelone;kg
2800368000005;Wassermelone;kg
2800370000000;Wassermelone, mini;kg
2800958000002;Weinbeeren getrocknet;kg
2000000309552;Weithalsflasche 500 ml;Einheit(en)
2800901000004;Weizen;kg
4006182005556;Weizen Vollkorn Zwieback;Stück (200 g)
2000000301440;Weizen, Biolandhof Schürdt;kg
4260039074663;Weizengluten;Stück (250 g)
2000000300108;Weizengluten;kg
2800241000009;Weiße Bete;kg
4009309552360;Weiße Bohnen;Stück (370 ml)
2800943000000;Weiße Bohnen;kg
4260576713414;Weiße Bohnen aus Österreich;kg
4019339452103;Weiße Riesenbohnen;Stück (500 g)
2800938000008;Weiße Riesenbohnen;kg
2800177000005;Weißkohl;kg
2800176000006;Weißkohl;kg
2800637000002;Weißkohl;Einheit(en)
2800115000005;Weißkohl in Umstellung;kg
4053656000036;Wickelfolie zum Einrollen;Einheit(en)
4026584103322;Wild-Heidelbeeren;Stück (300 g)
4026584103421;Wild-Heidelbeeren;Stück (300 g)
2800364000009;Winterkohlrabi (Superschmelz);Einheit(en)
2800482000004;Winterkohlrabi (Superschmelz);kg
2800645000001;Winterkohlrabi (Superschmelz) - ANGEBOT;kg
2800236000007;Winterkohlrabi, 2. Wahl;kg
2800302000009;Winterpostelein;kg
2800150000008;Winterpostelein /-Portulak;kg
2800483000003;Winterspitzkohl (Filderkraut);kg
2800445000003;Winterspitzkohl (Filderkraut);kg
2800179000003;Wirsing;kg
2800178000004;Wirsing;kg
2800313000005;Wirsing;Einheit(en)
2800658000005;Wirsing;Einheit(en)
2800381000006;Woll-Mispel;kg
2000000301747;Wrap;Einheit(en)
2800180000009;Wurzelpetersilie;kg
2800181000008;Wurzelpetersilie;kg
4035458211254;Yaki Nori;Stück (130 g)
4035458211278;Yaki Nori Green;Stück (115 g)
7611916154287;Zarte Cremedusche Mandel;Stück (200 ml)
2000000300405;Zebra 83x127mm Etikettenrolle für ZT220;Einheit(en)
4024297018551;Zichorienkaffee zum Filtern;Stück (500 g)
4012346154206;Zimt Ceylon, gemahlen;Stück (50 g)
4260461116641;Zink 25 + C;Stück (32,8 g)
2000000302942;Zitronat;kg
2800372000008;Zitronen;kg
2800604000004;Zitronen süß;kg
2000000301907;Zitronen-Minze-Sorbet-Softeis;kg
2800330000002;Zitronenmelisse;Einheit(en)
4015533004643;Zitronensaft aus der Flasche;Stück (200 ml)
2000000306391;Zitronensaft frisch;L
2000000310756;Zitronenschale;kg
5021991939020;Zitronentee mit Ingwer;Stück (50 g)
4260039074908;Zitronenöl;Stück (50 ml)
2800207000005;Zitruskaviar, 150 g;Stück (150 g)
2800183000006;Zucchini;kg
2800265000009;Zucchini;kg
2800206000006;Zucchini 2. Wahl;kg
2800334000008;Zucchini XL;Einheit(en)
2800234000009;Zucchini XL;kg
2800487000009;Zucchini, 700 g Bund;Stück (700 g)
2800300000001;Zucchini, rund;kg
2800350000006;Zuckerhut;Einheit(en)
8711812410711;Zuckermais;Stück (340 g)
2800551000003;Zuckermais;Einheit(en)
8711823194600;Zuckermais;Stück (340 g)
2800289000009;Zuckermais;Einheit(en)
4026813020048;Zuckermais;Stück (450 g)
2800680000004;Zuckermais Körb.;Einheit(en)
2000000309316;Zuckermais TK 3;Einheit(en)
4015637843018;Zuckerrübensirup;Stück (450 g)
2800622000000;Zwetschgen;kg
2800362000001;Zwetschgen;kg
2800466000006;Zwetschgen, 500 g Schale;Stück (500 g)
5998008700617;Zwetschgenmus;Stück (220 g)
2800337000005;Zwiebelbund;Einheit(en)
2800238000005;Zwiebeln mini, gelb;kg
2800211000008;Zwiebeln rot;kg
2800227000009;Zwiebeln, gelb;kg
2800187000002;Zwiebeln, gelb;kg
2800184000005;Zwiebeln, gelb XL;kg
2800185000004;Zwiebeln, rot;kg
2800632000007;Zwiebelnetz;Einheit(en)
2000000303277;Zwiebelpulver;kg
2800339000003;Zwiebelschale;Stück (500 g)
2800499000004;Zwiebelschale, 250 g;Stück (250 g)
2800341000008;Zwiebeltüte;Einheit(en)
2800479000000;Zwischenfrucht;kg
2800520000003;gemischte Pilzschale, 300 g;Einheit(en)
4250085770275;green Soja Drink Natur;L
2000000302034;große extra Zutat;Einheit(en)
2000000302027;kleine extra Zutat;Einheit(en)
2800471000008;Äpfel;kg
2000000308814;Ökobon Kassenrolle;Einheit(en)
2000000308876;Öldeckel;Einheit(en)
2000000308821;Ölflasche 100 ml;Einheit(en)
2000000308838;Ölflasche 250 ml;Einheit(en)
2000000308845;Ölflasche 500 ml;Einheit(en)
2000000309170;Übernachten im Zelt;Einheit(en)
2000000307268;Übernachtung;Einheit(en)